Component_ID,Component,Family,Intermediate_basis,H21_Map,H21_Relevance,H33_Map,H33_Relevance,Raw_T_low,Raw_T_high,Raw_I_low,Raw_I_high,Raw_F_low,Raw_F_high,H21_T_low,H21_T_high,H21_I_low,H21_I_high,H21_F_low,H21_F_high,H21_Lambda_low,H21_Lambda_high,H33_T_low,H33_T_high,H33_I_low,H33_I_high,H33_F_low,H33_F_high,H33_Lambda_low,H33_Lambda_high,Rationale
M01,Broad chronological compatibility,CHRONOLOGY,H01 ∧ H02,SUPPORT,M,SUPPORT,H,0.75145257460271,0.9615935214243836,0.25136837019125013,0.6183935827275734,0,0.09615935214243843,0.41329891603149055,0.7211951410682877,0.43852627764343755,0.7901164705001653,0.0,0.0,0.0,0.0,0.5635894309520325,0.8654341692819453,0.32623153317212505,0.71379518704568,0.0,0.0,0.0,0.0,Both statues broadly in the 5th c. BC is compatible with coordinated production but does not identify a workshop.
M02,Relative-chronology resolution limitation,CHRONOLOGY,I(H03),LIMITATION,M,LIMITATION,M,1.0,1.0,0.0,0.0,0,0.0,0.0,0.0,1.0,1.0,0.0,0.0,0.55,0.75,0.0,0.0,1.0,1.0,0.0,0.0,0.55,0.75,"The current AMS calibration cannot test the expected multi-decade separation; this is a limitation, not opposition."
M03,Broad geological/core-source coherence,CORE_PROVENANCE,H06,SUPPORT,H,SUPPORT,M,0.7430043541564375,0.9372434316070191,0.06275656839298094,0.2569956458435625,0,0.15957942425578497,0.5572532656173281,0.8435190884463172,0.15648091155368282,0.44274673438267187,0.0,0.0,0.0,0.0,0.40865239478604065,0.7029325737052643,0.2970674262947357,0.5913476052139593,0.0,0.0,0.0,0.0,A broadly related geological region/basin supports coordinated procurement; it is more diagnostic for an integrated complex than for one strict workshop.
M04,Shared regional provenance envelope,CORE_PROVENANCE,paired H22–H32,SUPPORT,M,SUPPORT,M,0.5632861853127475,0.8457722811767209,0.43012818808131037,0.7716062004265948,0,0.0,0.30980740192201117,0.6343292108825407,0.5725961410609828,0.8743834102346271,0.0,0.0,0.0,0.0,0.30980740192201117,0.6343292108825407,0.5725961410609828,0.8743834102346271,0.0,0.0,0.0,0.0,Uses the best-supported shared regional alternative conservatively; different precise sources would not by themselves falsify H21.
M05,Distinct principal core materials,CORE_PROVENANCE,H05,CONTEXT,ZERO,OPPOSITION,L,0.9831196076721123,0.9999148419890208,8.515801097919162e-05,0.01688039232788774,0,0.259860362933814,0.0,0.0,1.0,1.0,0.0,0.0,0.0,0.0,0.0,0.0,0.4500468369060385,0.7050641176983663,0.29493588230163365,0.5499531630939615,0.0,0.0,The source coding explicitly notes that core differences do not by themselves imply different workshops; only the strict same-workshop comparator treats them as weak opposition.
M06,Different copper-source signatures,METAL_SUPPLY,H15,OPPOSITION,L,OPPOSITION,M,0.5022395469791234,0.7629284520558722,0.23707154794412777,0.49776045302087657,0,0.08476982800620803,0.0,0.0,0.5803893513692702,0.849328135906263,0.15067186409373703,0.4196106486307298,0.0,0.0,0.0,0.0,0.42780366095809585,0.7237682491614821,0.2762317508385179,0.5721963390419041,0.0,0.0,"Different metal supplies weakly oppose an integrated production complex and more strongly oppose a strict single-workshop reading, but are not decisive."
M07,Shared Greek-source tenon lead,ASSEMBLY_INSTALL,H17,SUPPORT,L,SUPPORT,L,0.5022395469791234,0.7629284520558722,0.23707154794412777,0.49776045302087657,0,0.08476982800620803,0.15067186409373703,0.4196106486307298,0.5803893513692702,0.849328135906263,0.0,0.0,0.0,0.0,0.15067186409373703,0.4196106486307298,0.5803893513692702,0.849328135906263,0.0,0.0,0.0,0.0,Common lead-source compatibility is weak positive integration evidence; it is not proof of a casting workshop.
M08,Shared Syracuse-area assembly compatibility,ASSEMBLY_INSTALL,H18 ∧ H19,SUPPORT,M,SUPPORT,L,0.19581249992646899,0.4580204297174286,0.7915126029049706,0.9597731334097122,0,0.09122477132888918,0.10769687495955794,0.34351532228807147,0.843634452178728,0.9778752233753417,0.0,0.0,0.0,0.0,0.05874374997794069,0.2519112363445858,0.8853319315977338,0.9879319400229136,0.0,0.0,0.0,0.0,Joint support requires both A and B assembly/welding material compatibility; B remains highly indeterminate.
M09,Restoration masking of original B assembly signal,ASSEMBLY_INSTALL,H13 ∨ H16,LIMITATION,M,LIMITATION,M,0.9344687975498058,0.998402778811708,0.0015972211882919751,0.06553120245019417,0,0.0,0.0,0.0,1.0,1.0,0.0,0.0,0.5139578386523932,0.748802084108781,0.0,0.0,1.0,1.0,0.0,0.0,0.5139578386523932,0.748802084108781,Ancient modification of B can obscure original assembly evidence; it limits inference rather than opposing common production.
